Supplier,Buyer,Country,Component,Commodity,CountryRisk,CommodityRisk,FinalRiskScore,SupplierRating,PaymentDays,PricingScore
CATL,Tesla,China,Battery,Nickel,0.9208390178333649,0.7638644308323101,0.8423517243328376,1,39,0.9792338013982919
Bosch,Toyota,Germany,Electronics,Copper,0.9324428073661852,0.015322324959144429,0.47388256616266483,4,34,0.4815865404304538
LG Energy,GM,South Korea,Battery,Nickel,0.9456986439686118,0.08077189324795231,0.5132352686082821,2,63,0.3991972868149588
Tata AutoComp,Toyota,India,Interior,Plastic,0.012452506509936234,0.19866932408951377,0.105560915299725,2,87,0.9282085864422234
