CountryCode,GDPGrowth
IND,6.49476552383821
CHN,4.9773565917572
DEU,-0.495851897260366
USA,2.79300127716779
JPN,0.104309021773304
KOR,2.00361101838986
